id,sku_custom,category_code,category_label,scene_code,supplier_spec_category,sellable
N710P246209K,XH-BA-HM-46209K,BA,Other,HM,Bathroom Vanities,true
N729P000001C,XH-BA-HM-00001C,BA,Other,HM,Bathroom Vanities,true
N729P321351N,XH-BA-HM-21351N,BA,Bathroom,HM,Bathroom Vanities,true
W3520S00050,XH-BA-HM-S00050,BA,Bathroom,HM,Bathroom Vanities,true
N729P184479K,XH-BK-HM-84479K,BK,Bookshelf,HM,Bathroom Vanities,true
W1321S00001,XH-BK-HM-S00001,BK,Bookshelf,HM,Desks & Work Surfaces,true
W3123P333708,XH-BK-HM-333708,BK,Bookshelf,HM,"Display, Shelving & Etageres",true
LP001501AAK-1,XH-CB-HM-01AAK1,CB,Bookshelf,HM,"Beds, Frames & Bases",true
N707S000019W,XH-CB-HM-00019W,CB,Other,HM,Kitchen Islands & Carts,true
N707S170349W,XH-CB-HM-70349W,CB,Table,HM,Kitchen Islands & Carts,true
N707S256507Z,XH-CB-LR-56507Z,CB,Sideboard,LR,"Servers, Sideboards & Buffets",true
N710P191970F,XH-CB-HM-91970F,CB,Other,HM,Bathroom Vanities,true
N710P195628K,XH-CB-HM-95628K,CB,Other,HM,Bathroom Vanities,true
N710P206904C,XH-CB-HM-06904C,CB,Cabinet,HM,Bathroom Vanities,true
N710P206904E,XH-CB-HM-06904E,CB,Cabinet,HM,Bathroom Vanities,true
N710P206904F,XH-CB-HM-06904F,CB,Cabinet,HM,Bathroom Vanities,true
N710P206904K,XH-CB-HM-06904K,CB,Cabinet,HM,Bathroom Vanities,true
N710P206904M,XH-CB-HM-06904M,CB,Cabinet,HM,Bathroom Vanities,true
N710P206904Z,XH-CB-HM-06904Z,CB,Cabinet,HM,Bathroom Vanities,true
N710P230231B,XH-CB-HM-30231B,CB,Cabinet,HM,Bathroom Vanities,true
N710P288936F,XH-CB-HM-88936F,CB,Cabinet,HM,Bathroom Vanities,true
N710P323328C,XH-CB-HM-23328C,CB,Cabinet,HM,Bathroom Vanities,true
N710P323328K,XH-CB-HM-23328K,CB,Cabinet,HM,Bathroom Vanities,true
N710P401339K,XH-CB-HM-01339K,CB,Bookshelf,HM,Bathroom Storage,true
N710P411251P,XH-CB-HM-11251P,CB,Bathroom,HM,Bathroom Vanities,true
N710P426321P,XH-CB-HM-26321P,CB,Bathroom,HM,Bathroom Vanities,true
N710P439554K,XH-CB-HM-39554K,CB,Bookshelf,HM,Bathroom Storage,true
N721P245716B,XH-CB-HM-45716B,CB,Storage,HM,Cabinets,true
N725P188461K,XH-CB-HM-88461K,CB,Storage,HM,Bathroom Storage,true
N728P458089W,XH-CB-LR-58089W,CB,Sideboard,LR,"Servers, Sideboards & Buffets",true
N728P458234Z,XH-CB-LR-58234Z,CB,Sideboard,LR,"Servers, Sideboards & Buffets",true
N735P388120K,XH-CB-LR-88120K,CB,Table,LR,Tables,true
N765P387198D,XH-CB-HM-87198D,CB,Bathroom,HM,Bathroom Vanities,true
N767P417396W,XH-CB-HM-17396W,CB,Bookshelf,HM,Kitchen Islands & Carts,true
N779P296236N,XH-CB-HM-96236N,CB,Bookshelf,HM,TV & Entertainment Furniture,true
N893S000010B,XH-CB-LR-00010B,CB,Table,LR,Tables,true
SP000257AAD,XH-CB-HM-257AAD,CB,Bookshelf,HM,Dining and Kitchen Sets,true
W1120P330147,XH-CB-LR-330147,CB,TV Stand,LR,Cabinets,true
W1162P309021,XH-CB-LR-309021,CB,TV Stand,LR,Cabinets,true
W1162P339085,XH-CB-LR-339085,CB,Sideboard,LR,Cabinets,true
W1162P356393,XH-CB-LR-356393,CB,TV Stand,LR,Cabinets,true
W1162P388448,XH-CB-LR-388448,CB,TV Stand,LR,TV & Entertainment Furniture,true
W1162P485247,XH-CB-LR-485247,CB,Sideboard,LR,Cabinets,true
W1321P307871,XH-CB-LR-307871,CB,Sideboard,LR,"Servers, Sideboards & Buffets",true
W1321S00002,XH-CB-LR-S00002,CB,Sideboard,LR,"Servers, Sideboards & Buffets",true
W1321S00005,XH-CB-LR-S00005,CB,Sideboard,LR,"Servers, Sideboards & Buffets",true
W1435133312,XH-CB-LR-133312,CB,Sideboard,LR,Cabinets,true
W1435133313,XH-CB-LR-133313,CB,Sideboard,LR,Cabinets,true
W1435P183068,XH-CB-LR-183068,CB,Sideboard,LR,Cabinets,true
W1435P228914,XH-CB-LR-228914,CB,Sideboard,LR,Cabinets,true
W1445103595,XH-CB-LR-103595,CB,TV Stand,LR,Cabinets,true
W1445121942,XH-CB-HM-121942,CB,Sideboard,HM,Cabinets,true
W1445121945,XH-CB-HM-121945,CB,Bookshelf,HM,Cabinets,true
W1445132031,XH-CB-LR-132031,CB,TV Stand,LR,Cabinets,true
W1445132035,XH-CB-LR-132035,CB,TV Stand,LR,Cabinets,true
W1445139547,XH-CB-LR-139547,CB,TV Stand,LR,Cabinets,true
W144583481,XH-CB-HM-583481,CB,Sideboard,HM,Cabinets,true
W1445P146389,XH-CB-LR-146389,CB,Cabinet,LR,Cabinets,true
W1445P146390,XH-CB-LR-146390,CB,Cabinet,LR,Cabinets,true
W1445P164167,XH-CB-LR-164167,CB,Cabinet,LR,Cabinets,true
W1445P164168,XH-CB-LR-164168,CB,Cabinet,LR,Cabinets,true
W1445P164172,XH-CB-LR-164172,CB,TV Stand,LR,Cabinets,true
W1445P164173,XH-CB-HM-164173,CB,Cabinet,HM,Cabinets,true
W1445P173038,XH-CB-LR-173038,CB,Sideboard,LR,Cabinets,true
W1445P214051,XH-CB-LR-214051,CB,Sideboard,LR,Cabinets,true
W1445P251889,XH-CB-HM-251889,CB,Cabinet,HM,Cabinets,true
W1445P256462,XH-CB-HM-256462,CB,Sideboard,HM,Cabinets,true
W1445P256466,XH-CB-HM-256466,CB,Sideboard,HM,Cabinets,true
W1445P256479,XH-CB-LR-256479,CB,Sideboard,LR,Cabinets,true
W1445P302631,XH-CB-HM-302631,CB,Sideboard,HM,Cabinets,true
W1445P303027,XH-CB-HM-303027,CB,Sideboard,HM,Cabinets,true
W1445P321199,XH-CB-HM-321199,CB,Sideboard,HM,Cabinets,true
W1445P327887,XH-CB-HM-327887,CB,Sideboard,HM,Cabinets,true
W1445P360668,XH-CB-HM-360668,CB,Sideboard,HM,Cabinets,true
W1706P235656,XH-CB-LR-235656,CB,Sideboard,LR,"Servers, Sideboards & Buffets",true
W1706P254657,XH-CB-LR-254657,CB,Sideboard,LR,"Servers, Sideboards & Buffets",true
W1706P280672,XH-CB-LR-280672,CB,Sideboard,LR,"Servers, Sideboards & Buffets",true
W1706P311107,XH-CB-LR-311107,CB,Sideboard,LR,"Servers, Sideboards & Buffets",true
W1801P195597,XH-CB-LR-195597,CB,Sideboard,LR,Cabinets,true
W1801P195608,XH-CB-LR-195608,CB,Sideboard,LR,Cabinets,true
W1801P195696,XH-CB-LR-195696,CB,Sideboard,LR,Cabinets,true
W1801P272511,XH-CB-LR-272511,CB,Sideboard,LR,Cabinets,true
W1801P288508,XH-CB-LR-288508,CB,Sideboard,LR,"Servers, Sideboards & Buffets",true
W1801P290306,XH-CB-LR-290306,CB,TV Stand,LR,"Servers, Sideboards & Buffets",true
W1801P428581,XH-CB-LR-428581,CB,Sideboard,LR,"Servers, Sideboards & Buffets",true
W1865S00255,XH-CB-HM-S00255,CB,Bathroom,HM,Bathroom Storage,true
W2011P307019,XH-CB-HM-307019,CB,Bathroom,HM,Bathroom Vanities,true
W2139P306488,XH-CB-LR-306488,CB,Sideboard,LR,Cabinets,true
W2263P353560,XH-CB-LR-353560,CB,Sideboard,LR,"Servers, Sideboards & Buffets",true
W2263P353794,XH-CB-LR-353794,CB,Sideboard,LR,"Servers, Sideboards & Buffets",true
W2263P410055,XH-CB-LR-410055,CB,Sideboard,LR,"Servers, Sideboards & Buffets",true
W2275P206602,XH-CB-HM-206602,CB,Cabinet,HM,Cabinets,true
W2275P460424,XH-CB-HM-460424,CB,Cabinet,HM,"Display, Shelving & Etageres",true
W2557S00002,XH-CB-HM-S00002,CB,Table,HM,Kitchen Islands & Carts,true
W2641P499520,XH-CB-LR-499520,CB,Sideboard,LR,"Servers, Sideboards & Buffets",true
W28209580,XH-CB-LR-209580,CB,Sideboard,LR,"Servers, Sideboards & Buffets",true
W282132412,XH-CB-LR-132412,CB,Sideboard,LR,"Servers, Sideboards & Buffets",true
W2917P384735,XH-CB-LR-384735,CB,Sideboard,LR,"Servers, Sideboards & Buffets",true
W2987P288952,XH-CB-HM-288952,CB,Other,HM,Full Length Mirrors,true
W2987P289172,XH-CB-HM-289172,CB,Other,HM,Full Length Mirrors,true
W3040P480534,XH-CB-LR-480534,CB,Sideboard,LR,Cabinets,true
W3137P270232,XH-CB-LR-270232,CB,Sideboard,LR,"Servers, Sideboards & Buffets",true
W33164270,XH-CB-LR-164270,CB,Sideboard,LR,TV & Entertainment Furniture,true
W33165697,XH-CB-HM-165697,CB,Bookshelf,HM,Cabinets,true
W331P195805,XH-CB-HM-195805,CB,Bookshelf,HM,Cabinets,true
W331P257393,XH-CB-HM-257393,CB,Bookshelf,HM,Cabinets,true
W331P281277,XH-CB-HM-281277,CB,Bookshelf,HM,Bathroom Storage,true
W331P286248,XH-CB-LR-286248,CB,Sideboard,LR,Cabinets,true
W331P289098,XH-CB-LR-289098,CB,Sideboard,LR,Cabinets,true
W331P295246,XH-CB-HM-295246,CB,Cabinet,HM,Cabinets,true
W331P309438,XH-CB-LR-309438,CB,Sideboard,LR,Cabinets,true
W331P374568,XH-CB-HM-374568,CB,Bookshelf,HM,Cabinets,true
W331P377354,XH-CB-HM-377354,CB,Bookshelf,HM,Cabinets,true
W331P379769,XH-CB-HM-379769,CB,Storage,HM,Cabinets,true
W331P379950,XH-CB-BD-379950,CB,Bookshelf,BD,Cabinets,true
W331P380593,XH-CB-HM-380593,CB,Cabinet,HM,Cabinets,true
W331P435940,XH-CB-LR-435940,CB,Sideboard,LR,Cabinets,true
W331S00059,XH-CB-BD-S00059,CB,Bookshelf,BD,Cabinets,true
W331S00060,XH-CB-BD-S00060,CB,Bookshelf,BD,Cabinets,true
W331S00068,XH-CB-LR-S00068,CB,Sideboard,LR,Cabinets,true
W331S00076,XH-CB-LR-S00076,CB,Sideboard,LR,"Servers, Sideboards & Buffets",true
W331S00167,XH-CB-LR-S00167,CB,Sideboard,LR,"Servers, Sideboards & Buffets",true
W331S00172,XH-CB-BD-S00172,CB,Sideboard,BD,"Servers, Sideboards & Buffets",true
W331S00182,XH-CB-HM-S00182,CB,Cabinet,HM,Cabinets,true
W331S00185,XH-CB-LR-S00185,CB,Sideboard,LR,"Servers, Sideboards & Buffets",true
W331S00196,XH-CB-HM-S00196,CB,Cabinet,HM,Cabinets,true
W331S00198,XH-CB-HM-S00198,CB,Cabinet,HM,Cabinets,true
W331S00205,XH-CB-HM-S00205,CB,Cabinet,HM,Cabinets,true
W331S00213,XH-CB-HM-S00213,CB,Cabinet,HM,Cabinets,true
W331S00214,XH-CB-HM-S00214,CB,Cabinet,HM,Cabinets,true
W3387P306326,XH-CB-HM-306326,CB,Cabinet,HM,Cabinets,true
W3387P363520,XH-CB-BD-363520,CB,Cabinet,BD,Cabinets,true
W3387P487623,XH-CB-LR-487623,CB,Sideboard,LR,Cabinets,true
W3871S00001,XH-CB-HM-S00001,CB,Storage,HM,Coat Racks,true
W409P171861,XH-CB-LR-171861,CB,Sideboard,LR,Cabinets,true
W409P327401,XH-CB-LR-327401,CB,Sideboard,LR,"Servers, Sideboards & Buffets",true
W409P327404,XH-CB-LR-327404,CB,Sideboard,LR,"Servers, Sideboards & Buffets",true
W409P327407,XH-CB-LR-327407,CB,Sideboard,LR,"Servers, Sideboards & Buffets",true
W487P352445,XH-CB-LR-352445,CB,Sideboard,LR,Cabinets,true
W5107S00005,XH-CB-HM-S00005,CB,Bathroom,HM,Bathroom Vanities,true
W5389P463456,XH-CB-LR-463456,CB,Sideboard,LR,"Servers, Sideboards & Buffets",true
W5767P505607,XH-CB-HM-505607,CB,Cabinet,HM,Cabinets,true
W688P232758,XH-CB-LR-232758,CB,Sideboard,LR,Cabinets,true
W688P359831,XH-CB-HM-359831,CB,Cabinet,HM,Cabinets,true
W688P364739,XH-CB-HM-364739,CB,Cabinet,HM,Cabinets,true
W808P245579,XH-CB-HM-245579,CB,Cabinet,HM,Cabinets,true
W808P447216,XH-CB-HM-447216,CB,Bookshelf,HM,Bathroom Storage,true
W999S00522,XH-CB-HM-S00522,CB,Bathroom,HM,Cabinets,true
WF323345AAK,XH-CB-HM-345AAK,CB,Storage,HM,Bathroom Storage,true
WF324043AAB,XH-CB-HM-043AAB,CB,Cabinet,HM,Bathroom Vanities,true
WF324043AAC,XH-CB-HM-043AAC,CB,Cabinet,HM,Bathroom Vanities,true
XW000010AAM,XH-CB-LR-010AAM,CB,Sideboard,LR,"Servers, Sideboards & Buffets",true
N715P288632M,XH-CO-LR-88632M,CO,Table,LR,Tables,true
N715P462622N,XH-CO-LR-62622N,CO,Sofa,LR,Tables,true
W1445P317059,XH-CO-LR-317059,CO,Table,LR,Tables,true
N724P292070K,XH-CT-LR-92070K,CT,Table,LR,Tables,true
N735P328521D,XH-CT-LR-28521D,CT,Table,LR,Tables,true
W2729P298232,XH-CT-LR-298232,CT,Table,LR,Tables,true
W3137S00001,XH-CT-LR-S00001,CT,Table,LR,Tables,true
N752S000012D,XH-DC-HM-00012D,DC,Table,HM,Dining and Kitchen Sets,true
N759P307032D,XH-DC-HM-07032D,DC,Chair,HM,Seating for Dining,true
W2500P483010,XH-DC-HM-483010,DC,Chair,HM,Chairs & Accent Seating,true
W3835P483845,XH-DC-HM-483845,DC,Desk,HM,Office Chairs,true
W487P221665,XH-DC-HM-221665,DC,Chair,HM,Chairs & Accent Seating,true
W680P143449,XH-DC-HM-143449,DC,Chair,HM,Chairs & Accent Seating,true
W2139P194436,XH-DK-HM-194436,DK,Desk,HM,Makeup Vanities,true
W331S00116,XH-DK-HM-S00116,DK,Desk,HM,Desks & Work Surfaces,true
W3393P315815,XH-DK-HM-315815,DK,Desk,HM,Makeup Vanities,true
W5316S00065,XH-DK-HM-S00065,DK,Desk,HM,"Beds, Frames & Bases",true
B372P407630,XH-DR-BD-407630,DR,Dresser,BD,"Dressers, Chests & Wardrobes",true
LP006601AAK-1,XH-DR-BD-01AAK1,DR,Dresser,BD,"Dressers, Chests & Wardrobes",true
N7090001842K,XH-DR-BD-01842K,DR,Dresser,BD,"Dressers, Chests & Wardrobes",true
N710P193724P,XH-DR-LR-93724P,DR,TV Stand,LR,TV & Entertainment Furniture,true
N710P401530P,XH-DR-LR-01530P,DR,TV Stand,LR,TV & Entertainment Furniture,true
N711P345213K,XH-DR-LR-45213K,DR,Sideboard,LR,"Servers, Sideboards & Buffets",true
N715P364059N,XH-DR-LR-64059N,DR,Table,LR,Tables,true
N715P458125N,XH-DR-LR-58125N,DR,Bookshelf,LR,Tables,true
N725P188460K,XH-DR-HM-88460K,DR,Bookshelf,HM,Bathroom Storage,true
N725S412541K,XH-DR-HM-12541K,DR,Cabinet,HM,Bathroom Storage,true
N729P289163K,XH-DR-HM-89163K,DR,Other,HM,Bathroom Vanities,true
N729P321376K,XH-DR-HM-21376K,DR,Other,HM,Bathroom Vanities,true
N733P307938B,XH-DR-BD-07938B,DR,Nightstand,BD,Nightstands,true
N733P307938W,XH-DR-BD-07938W,DR,Nightstand,BD,Nightstands,true
N733S304513D,XH-DR-BD-04513D,DR,Dresser,BD,Bedroom Storage,true
N759P324549K,XH-DR-LR-24549K,DR,Bookshelf,LR,Tables,true
N759P433572B,XH-DR-LR-33572B,DR,Table,LR,Tables,true
N760P328544D,XH-DR-LR-28544D,DR,Table,LR,Tables,true
N761P285712N,XH-DR-BD-85712N,DR,Nightstand,BD,Nightstands,true
N765P38884950E,XH-DR-HM-84950E,DR,Dresser,HM,Bathroom Vanities,true
W1157P307950,XH-DR-BD-307950,DR,Dresser,BD,"Dressers, Chests & Wardrobes",true
W1157P307957,XH-DR-BD-307957,DR,Dresser,BD,"Dressers, Chests & Wardrobes",true
W1162P190403,XH-DR-BD-190403,DR,Dresser,BD,"Dressers, Chests & Wardrobes",true
W1320137991,XH-DR-HM-137991,DR,Cabinet,HM,Cabinets,true
W1321111282,XH-DR-BD-111282,DR,Dresser,BD,Cabinets,true
W1321P288794,XH-DR-LR-288794,DR,Sideboard,LR,Cabinets,true
W1321P309434,XH-DR-BD-309434,DR,Dresser,BD,Cabinets,true
W1321S00027,XH-DR-HM-S00027,DR,Desk,HM,Desks & Work Surfaces,true
W1321S00049,XH-DR-BD-S00049,DR,Dresser,BD,"Dressers, Chests & Wardrobes",true
W1435P337640,XH-DR-LR-337640,DR,Sofa,LR,Tables,true
W1445P419756,XH-DR-BD-419756,DR,Dresser,BD,Cabinets,true
W1445P419757,XH-DR-BD-419757,DR,Dresser,BD,Cabinets,true
W1445S00002,XH-DR-BD-S00002,DR,Dresser,BD,Cabinets,true
W1445S00003,XH-DR-BD-S00003,DR,Dresser,BD,Cabinets,true
W1706P280664,XH-DR-HM-280664,DR,Storage,HM,Cabinets,true
W1716P409479,XH-DR-BD-409479,DR,Nightstand,BD,Nightstands,true
W1785P308517,XH-DR-BD-308517,DR,Dresser,BD,"Dressers, Chests & Wardrobes",true
W1801P303392,XH-DR-BD-303392,DR,Nightstand,BD,Nightstands,true
W1820P324616,XH-DR-BD-324616,DR,Dresser,BD,"Dressers, Chests & Wardrobes",true
W1820P335659,XH-DR-BD-335659,DR,Dresser,BD,"Dressers, Chests & Wardrobes",true
W1820P338177,XH-DR-BD-338177,DR,Dresser,BD,"Dressers, Chests & Wardrobes",true
W1820S00068,XH-DR-BD-S00068,DR,Dresser,BD,Cabinets,true
W1820S00069,XH-DR-BD-S00069,DR,Dresser,BD,Cabinets,true
W2275P233489,XH-DR-BD-233489,DR,Dresser,BD,Cabinets,true
W2275P233490,XH-DR-BD-233490,DR,Dresser,BD,Cabinets,true
W2282P220585,XH-DR-LR-220585,DR,Sideboard,LR,"Servers, Sideboards & Buffets",true
W2393P195491,XH-DR-BD-195491,DR,Dresser,BD,"Dressers, Chests & Wardrobes",true
W2699P184784,XH-DR-BD-184784,DR,Dresser,BD,"Dressers, Chests & Wardrobes",true
W2700P268307,XH-DR-HM-268307,DR,Desk,HM,Tables,true
W282P160454,XH-DR-HM-160454,DR,Cabinet,HM,Cabinets,true
W282S00025,XH-DR-HM-S00025,DR,Cabinet,HM,Cabinets,true
W2917P294993,XH-DR-LR-294993,DR,Sideboard,LR,"Servers, Sideboards & Buffets",true
W2917S00013,XH-DR-LR-S00013,DR,Sideboard,LR,"Servers, Sideboards & Buffets",true
W3151P288870,XH-DR-BD-288870,DR,Dresser,BD,"Dressers, Chests & Wardrobes",true
W3151P345790,XH-DR-BD-345790,DR,Nightstand,BD,Nightstands,true
W3151P407891,XH-DR-BD-407891,DR,Dresser,BD,"Dressers, Chests & Wardrobes",true
W3151P407892,XH-DR-BD-407892,DR,Dresser,BD,"Dressers, Chests & Wardrobes",true
W3158P307447,XH-DR-BD-307447,DR,Dresser,BD,"Dressers, Chests & Wardrobes",true
W3204P484603,XH-DR-BD-484603,DR,Dresser,BD,"Dressers, Chests & Wardrobes",true
W33163005,XH-DR-BD-163005,DR,Dresser,BD,"Dressers, Chests & Wardrobes",true
W331P242454,XH-DR-LR-242454,DR,Sideboard,LR,"Servers, Sideboards & Buffets",true
W331P256909,XH-DR-HM-256909,DR,Desk,HM,Cabinets,true
W331P297437,XH-DR-HM-297437,DR,Desk,HM,Desks & Work Surfaces,true
W331P298186,XH-DR-HM-298186,DR,Bathroom,HM,Cabinets,true
W331P377340,XH-DR-HM-377340,DR,Bookshelf,HM,File Cabinets & Storage Cabinets,true
W331S00071,XH-DR-BD-S00071,DR,Dresser,BD,"Dressers, Chests & Wardrobes",true
W331S00080,XH-DR-BD-S00080,DR,Dresser,BD,"Dressers, Chests & Wardrobes",true
W3393P414579,XH-DR-BD-414579,DR,Dresser,BD,"Dressers, Chests & Wardrobes",true
W3871P368993,XH-DR-BD-368993,DR,Dresser,BD,Cabinets,true
W3871S00002,XH-DR-BD-S00002,DR,Dresser,BD,Cabinets,true
W409P167477,XH-DR-BD-167477,DR,Dresser,BD,"Dressers, Chests & Wardrobes",true
W409P195072,XH-DR-HM-195072,DR,Storage,HM,Cabinets,true
W409P263831,XH-DR-BD-263831,DR,Dresser,BD,"Dressers, Chests & Wardrobes",true
W409P266778,XH-DR-BD-266778,DR,Dresser,BD,"Dressers, Chests & Wardrobes",true
W409P266780,XH-DR-BD-266780,DR,Dresser,BD,"Dressers, Chests & Wardrobes",true
W409P307525,XH-DR-BD-307525,DR,Dresser,BD,"Dressers, Chests & Wardrobes",true
W409P307526,XH-DR-BD-307526,DR,Dresser,BD,"Dressers, Chests & Wardrobes",true
W409P307536,XH-DR-BD-307536,DR,Dresser,BD,"Dressers, Chests & Wardrobes",true
W409P307537,XH-DR-BD-307537,DR,Dresser,BD,"Dressers, Chests & Wardrobes",true
W409P307539,XH-DR-BD-307539,DR,Dresser,BD,"Dressers, Chests & Wardrobes",true
W409P307541,XH-DR-BD-307541,DR,Dresser,BD,"Dressers, Chests & Wardrobes",true
W409P307554,XH-DR-BD-307554,DR,Dresser,BD,"Dressers, Chests & Wardrobes",true
W409P307597,XH-DR-BD-307597,DR,Dresser,BD,"Dressers, Chests & Wardrobes",true
W409P327396,XH-DR-BD-327396,DR,Nightstand,BD,"Dressers, Chests & Wardrobes",true
W409P338206,XH-DR-BD-338206,DR,Dresser,BD,"Dressers, Chests & Wardrobes",true
W409P371352,XH-DR-BD-371352,DR,Dresser,BD,"Dressers, Chests & Wardrobes",true
W409P371358,XH-DR-BD-371358,DR,Dresser,BD,"Dressers, Chests & Wardrobes",true
W409P387580,XH-DR-BD-387580,DR,Dresser,BD,"Dressers, Chests & Wardrobes",true
W409P387581,XH-DR-BD-387581,DR,Dresser,BD,"Dressers, Chests & Wardrobes",true
W409S00013,XH-DR-BD-S00013,DR,Dresser,BD,"Dressers, Chests & Wardrobes",true
W409S00014,XH-DR-BD-S00014,DR,Dresser,BD,"Dressers, Chests & Wardrobes",true
W409S00015,XH-DR-BD-S00015,DR,Dresser,BD,"Dressers, Chests & Wardrobes",true
W409S00019,XH-DR-BD-S00019,DR,Dresser,BD,"Dressers, Chests & Wardrobes",true
W409S00026,XH-DR-BD-S00026,DR,Dresser,BD,"Dressers, Chests & Wardrobes",true
W409S00029,XH-DR-BD-S00029,DR,Dresser,BD,"Dressers, Chests & Wardrobes",true
W409S00032,XH-DR-BD-S00032,DR,Dresser,BD,"Dressers, Chests & Wardrobes",true
W5221P421223,XH-DR-BD-421223,DR,Nightstand,BD,Nightstands,true
W5305P471354,XH-DR-HM-471354,DR,Bed,HM,"Beds, Frames & Bases",true
W5368P460474,XH-DR-BD-460474,DR,Dresser,BD,"Dressers, Chests & Wardrobes",true
W5590P447308,XH-DR-HM-447308,DR,Cabinet,HM,Cabinets,true
W757P151921,XH-DR-BD-151921,DR,Cabinet,BD,Cabinets,true
W80863135,XH-DR-HM-863135,DR,Table,HM,Pens & Hutches,true
W80870283,XH-DR-HM-870283,DR,Bookshelf,HM,Bookshelf,true
W808P166755,XH-DR-HM-166755,DR,Cabinet,HM,"Youth, Kids & Baby Furniture",true
W808P264698,XH-DR-BD-264698,DR,Nightstand,BD,"Youth, Kids & Baby Furniture",true
W808P390792,XH-DR-BD-390792,DR,Dresser,BD,"Dressers, Chests & Wardrobes",true
W808P420585,XH-DR-HM-420585,DR,Bathroom,HM,Bathroom Storage,true
WF319366AAK,XH-DR-BD-366AAK,DR,Nightstand,BD,Nightstands,true
XW000032AAA,XH-DR-LR-032AAA,DR,Dresser,LR,"Servers, Sideboards & Buffets",true
XW000032AAB,XH-DR-LR-032AAB,DR,Dresser,LR,"Servers, Sideboards & Buffets",true
N701P465364C,XH-GH-HM-65364C,GH,Bed,HM,"Beds, Frames & Bases",true
N707P186617W,XH-GH-HM-86617W,GH,Other,HM,Kitchen Islands & Carts,true
N707S221446B,XH-GH-HM-21446B,GH,Table,HM,Kitchen Islands & Carts,true
N717P379754N,XH-GH-HM-79754N,GH,Table,HM,Dining Tables,true
N721P401788K,XH-GH-HM-01788K,GH,Storage,HM,Coat Racks,true
N724P185778P,XH-GH-LR-85778P,GH,Table,LR,Tables,true
N770P283032N_N770P283033N,XH-GH-HM-83033N,GH,Bed,HM,"Beds, Frames & Bases",true
SJ000166AAK,XH-GH-HM-166AAK,GH,Storage,HM,Coat Racks,true
ST000144AAP,XH-GH-HM-144AAP,GH,Table,HM,Dining and Kitchen Sets,true
W1347P246823,XH-GH-HM-246823,GH,Table,HM,Dining Tables,true
W1716P335674,XH-GH-HM-335674,GH,Bed,HM,"Beds, Frames & Bases",true
W2664P232884,XH-GH-HM-232884,GH,Table,HM,Tables,true
W2987P289196,XH-GH-HM-289196,GH,Other,HM,Full Length Mirrors,true
W329P285874,XH-GH-HM-285874,GH,Other,HM,Patio Seating,true
W347P325002,XH-GH-BD-325002,GH,Other,BD,Full Length Mirrors,true
W504P425956,XH-GH-HM-425956,GH,Bed,HM,"Beds, Frames & Bases",true
W504P429333,XH-GH-HM-429333,GH,Bed,HM,"Beds, Frames & Bases",true
W504P444380,XH-GH-HM-444380,GH,Bed,HM,"Beds, Frames & Bases",true
W1321P151791,XH-NS-BD-151791,NS,Nightstand,BD,Nightstands,true
W1321P204522,XH-NS-BD-204522,NS,Nightstand,BD,Nightstands,true
W1321P311160,XH-NS-BD-311160,NS,Nightstand,BD,Nightstands,true
W1321P413949,XH-NS-BD-413949,NS,Nightstand,BD,Nightstands,true
W3258P293190,XH-NS-BD-293190,NS,Chair,BD,Makeup Vanities,true
N711P410389O,XH-SB-LR-10389O,SB,Sideboard,LR,"Servers, Sideboards & Buffets",true
SP000075AAE,XH-SB-LR-075AAE,SB,Sideboard,LR,"Servers, Sideboards & Buffets",true
SP000075AAK,XH-SB-LR-075AAK,SB,Sideboard,LR,"Servers, Sideboards & Buffets",true
W3867P370625,XH-SB-LR-370625,SB,Sideboard,LR,"Servers, Sideboards & Buffets",true
N719S002050B,XH-SF-LR-02050B,SF,Sofa,LR,Sectionals,true
N723S7037E,XH-SF-LR-S7037E,SF,Sofa,LR,Sectionals,true
N767P263923W,XH-SF-LR-63923W,SF,Sofa,LR,Sofas,true
N771P205002M_N771P220377M _N771P205014M,XH-SF-LR-05014M,SF,Sofa,LR,Sofas,true
W1278P360535,XH-SF-LR-360535,SF,Sofa,LR,Sofas,true
W1298P199181,XH-SF-LR-199181,SF,Sofa,LR,Chairs & Accent Seating,true
W1417S00079,XH-SF-LR-S00079,SF,Sofa,LR,Sofas,true
W1767S00004,XH-SF-LR-S00004,SF,Sofa,LR,Sofas,true
W1767S00018,XH-SF-LR-S00018,SF,Sofa,LR,Sofas,true
W1767S00020,XH-SF-BD-S00020,SF,Sofa,BD,Sofas,true
W1829S00061,XH-SF-LR-S00061,SF,Sofa,LR,Sofas,true
W2339S00039,XH-SF-LR-S00039,SF,Sofa,LR,Sectionals,true
W2817S00024,XH-SF-LR-S00024,SF,Sofa,LR,Sectionals,true
W2824P324530,XH-SF-LR-324530,SF,Sofa,LR,Sofas,true
W3219P339464,XH-SF-LR-339464,SF,Sofa,LR,Sofas,true
W3244S00003,XH-SF-LR-S00003,SF,Sofa,LR,Sofas,true
W3985P435507,XH-SF-LR-435507,SF,Sofa,LR,Sofas,true
W5385P455456,XH-SF-LR-455456,SF,Sofa,LR,Sectionals,true
W5515P496938,XH-SF-LR-496938,SF,Sofa,LR,Sofas,true
W5527P489247,XH-SF-LR-489247,SF,Sofa,LR,Sofas,true
W5527P489260,XH-SF-LR-489260,SF,Sofa,LR,Sofas,true
W5527P489261,XH-SF-LR-489261,SF,Sofa,LR,Sofas,true
W5872S00003,XH-SF-LR-S00003,SF,Sofa,LR,Sectionals,true
W714P253474,XH-SF-LR-253474,SF,Sofa,LR,Sofas,true
W714P253477,XH-SF-LR-253477,SF,Sofa,LR,Sofas,true
W714P253478,XH-SF-LR-253478,SF,Sofa,LR,Sofas,true
W714P253480,XH-SF-LR-253480,SF,Sofa,LR,Sofas,true
W714P253481,XH-SF-LR-253481,SF,Sofa,LR,Sofas,true
W714P284884,XH-SF-LR-284884,SF,Sofa,LR,Sofas,true
W714P284891,XH-SF-LR-284891,SF,Sofa,LR,Sofas,true
W714P293246,XH-SF-LR-293246,SF,Sofa,LR,Sofas,true
W714P293273,XH-SF-LR-293273,SF,Sofa,LR,Sofas,true
W714P448403,XH-SF-LR-448403,SF,Sofa,LR,Sofas,true
W714S00550,XH-SF-LR-S00550,SF,Sofa,LR,Sofas,true
W714S01017,XH-SF-LR-S01017,SF,Sofa,LR,Sofas,true
W714S01080,XH-SF-LR-S01080,SF,Sofa,LR,Sofas,true
W714S01114,XH-SF-LR-S01114,SF,Sofa,LR,Sofas,true
W714S01235,XH-SF-LR-S01235,SF,Sofa,LR,Sofas,true
N710P174917Q,XH-TV-LR-74917Q,TV,TV Stand,LR,TV & Entertainment Furniture,true
N710P429516Q,XH-TV-LR-29516Q,TV,TV Stand,LR,TV & Entertainment Furniture,true
W132166344,XH-TV-LR-166344,TV,TV Stand,LR,TV & Entertainment Furniture,true
W1801P163658,XH-TV-LR-163658,TV,TV Stand,LR,TV & Entertainment Furniture,true
W331S00184,XH-TV-LR-S00184,TV,TV Stand,LR,TV & Entertainment Furniture,true
N729P000001B,XH-BA-HM-00001B,BA,Other,HM,Bathroom Vanities,false
N729P000001F,XH-BA-HM-00001F,BA,Other,HM,Bathroom Vanities,false
N729P000001K,XH-BA-HM-00001K,BA,Other,HM,Bathroom Vanities,false
B062P145423,XH-BK-HM-145423,BK,Bookshelf,HM,"Display, Shelving & Etageres",false
N729P280194B,XH-BK-HM-80194B,BK,Bookshelf,HM,Bathroom Vanities,false
T2574P516495,XH-BK-HM-516495,BK,Bookshelf,HM,Tables,false
T3971P385971,XH-BK-HM-385971,BK,Desk,HM,Desks & Work Surfaces,false
B082P517269,XH-CB-BD-517269,CB,Nightstand,BD,Nightstands,false
B107P283306,XH-CB-HM-283306,CB,Cabinet,HM,Cabinets,false
B200P474234,XH-CB-LR-474234,CB,Sideboard,LR,"Servers, Sideboards & Buffets",false
N707S356567W,XH-CB-LR-56567W,CB,Sideboard,LR,"Servers, Sideboards & Buffets",false
N707S356569W,XH-CB-LR-56569W,CB,Sideboard,LR,"Servers, Sideboards & Buffets",false
N710P206904B,XH-CB-HM-06904B,CB,Cabinet,HM,Bathroom Vanities,false
N715P192557K,XH-CB-LR-92557K,CB,Sideboard,LR,"Servers, Sideboards & Buffets",false
N715P310053D,XH-CB-LR-10053D,CB,Sideboard,LR,"Servers, Sideboards & Buffets",false
N729P276609B,XH-CB-HM-76609B,CB,Other,HM,Bathroom Vanities,false
N729P288872K,XH-CB-HM-88872K,CB,Cabinet,HM,Bathroom Vanities,false
T2398P507519,XH-CB-HM-507519,CB,Bookshelf,HM,Cabinets,false
T3971P512644,XH-CB-HM-512644,CB,Storage,HM,Cabinets,false
T6026S00004,XH-CB-HM-S00004,CB,Desk,HM,Desks & Work Surfaces,false
T6026S00005,XH-CB-HM-S00005,CB,Desk,HM,Desks & Work Surfaces,false
W1162P323741,XH-CB-LR-323741,CB,TV Stand,LR,Cabinets,false
W124757865,XH-CB-HM-757865,CB,Storage,HM,File Cabinets & Storage Cabinets,false
W1321P171784,XH-CB-LR-171784,CB,Sideboard,LR,"Servers, Sideboards & Buffets",false
W1445121947,XH-CB-HM-121947,CB,Bookshelf,HM,Cabinets,false
W1445P173033,XH-CB-LR-173033,CB,Sideboard,LR,Cabinets,false
W1801108552,XH-CB-HM-108552,CB,Cabinet,HM,Cabinets,false
W1801P195634,XH-CB-LR-195634,CB,Sideboard,LR,"Servers, Sideboards & Buffets",false
W2178P517190,XH-CB-BD-517190,CB,Nightstand,BD,Nightstands,false
W2282P220597,XH-CB-LR-220597,CB,Sideboard,LR,"Servers, Sideboards & Buffets",false
W3133S00029,XH-CB-HM-S00029,CB,Bathroom,HM,Bathroom Vanities,false
W331S00168,XH-CB-HM-S00168,CB,Bookshelf,HM,Bathroom Storage,false
W409P454238,XH-CB-LR-454238,CB,Sideboard,LR,"Servers, Sideboards & Buffets",false
W688P364740,XH-CB-LR-364740,CB,Sideboard,LR,Cabinets,false
W808P212702,XH-CB-HM-212702,CB,Storage,HM,Storage Benches,false
W2186P212193,XH-CT-LR-212193,CT,Table,LR,Ottomans,false
W3158P489270,XH-CT-LR-489270,CT,Table,LR,Tables,false
SG000640AAL,XH-DC-HM-640AAL,DC,Table,HM,Dining and Kitchen Sets,false
W2231P292981,XH-DC-HM-292981,DC,Chair,HM,Rocking Chairs,false
W2225P156372,XH-DK-HM-156372,DK,Other,HM,Desks & Work Surfaces,false
B061P360299,XH-DR-BD-360299,DR,Dresser,BD,"Dressers, Chests & Wardrobes",false
B062P353274,XH-DR-BD-353274,DR,Dresser,BD,"Dressers, Chests & Wardrobes",false
B062P374095,XH-DR-BD-374095,DR,Dresser,BD,"Dressers, Chests & Wardrobes",false
B062P375390,XH-DR-BD-375390,DR,Dresser,BD,"Dressers, Chests & Wardrobes",false
B062P378388,XH-DR-BD-378388,DR,Dresser,BD,"Dressers, Chests & Wardrobes",false
B062P519761,XH-DR-BD-519761,DR,Dresser,BD,"Dressers, Chests & Wardrobes",false
B070P505502,XH-DR-BD-505502,DR,Dresser,BD,"Dressers, Chests & Wardrobes",false
B070P505509,XH-DR-BD-505509,DR,Dresser,BD,"Dressers, Chests & Wardrobes",false
B2741P405636,XH-DR-BD-405636,DR,Dresser,BD,"Dressers, Chests & Wardrobes",false
B2741P408065,XH-DR-BD-408065,DR,Dresser,BD,"Dressers, Chests & Wardrobes",false
B2741P411516,XH-DR-BD-411516,DR,Dresser,BD,"Dressers, Chests & Wardrobes",false
B2741P430423,XH-DR-BD-430423,DR,Nightstand,BD,Nightstands,false
B2749P413332,XH-DR-BD-413332,DR,Dresser,BD,"Dressers, Chests & Wardrobes",false
B2756P506266,XH-DR-BD-506266,DR,Dresser,BD,"Dressers, Chests & Wardrobes",false
B2756P507054,XH-DR-BD-507054,DR,Dresser,BD,"Dressers, Chests & Wardrobes",false
B2770P494900,XH-DR-BD-494900,DR,Dresser,BD,"Dressers, Chests & Wardrobes",false
N729P289163C,XH-DR-HM-89163C,DR,Other,HM,Bathroom Vanities,false
N729P289163F,XH-DR-HM-89163F,DR,Other,HM,Bathroom Vanities,false
T2398P507513,XH-DR-HM-507513,DR,Cabinet,HM,File Cabinets & Storage Cabinets,false
T3609P482837,XH-DR-HM-482837,DR,Bookshelf,HM,Cabinets,false
W1247P160450,XH-DR-HM-160450,DR,Cabinet,HM,File Cabinets & Storage Cabinets,false
W1320110986,XH-DR-BD-110986,DR,Dresser,BD,Makeup Vanities,false
W1320P179346,XH-DR-BD-179346,DR,Dresser,BD,Makeup Vanities,false
W1445P419755,XH-DR-BD-419755,DR,Dresser,BD,Cabinets,false
W1785P201163,XH-DR-BD-201163,DR,Dresser,BD,"Dressers, Chests & Wardrobes",false
W1785P324461,XH-DR-BD-324461,DR,Dresser,BD,Cabinets,false
W2178138725,XH-DR-BD-138725,DR,Nightstand,BD,Nightstands,false
W2225P173877,XH-DR-LR-173877,DR,Sideboard,LR,"Servers, Sideboards & Buffets",false
W2295P290643,XH-DR-LR-290643,DR,Sideboard,LR,Cabinets,false
W3204P318437,XH-DR-BD-318437,DR,Dresser,BD,"Dressers, Chests & Wardrobes",false
W409134195,XH-DR-BD-134195,DR,Dresser,BD,"Dressers, Chests & Wardrobes",false
W40981154,XH-DR-HM-981154,DR,Storage,HM,Cabinets,false
W409P270435,XH-DR-BD-270435,DR,Dresser,BD,"Dressers, Chests & Wardrobes",false
W409P371357,XH-DR-BD-371357,DR,Dresser,BD,"Dressers, Chests & Wardrobes",false
W409S00012,XH-DR-BD-S00012,DR,Dresser,BD,"Dressers, Chests & Wardrobes",false
W409S00016,XH-DR-BD-S00016,DR,Dresser,BD,"Dressers, Chests & Wardrobes",false
W409S00022,XH-DR-BD-S00022,DR,Dresser,BD,"Dressers, Chests & Wardrobes",false
W409S00030,XH-DR-BD-S00030,DR,Dresser,BD,"Dressers, Chests & Wardrobes",false
W5368P460478,XH-DR-BD-460478,DR,Dresser,BD,"Dressers, Chests & Wardrobes",false
WF326355AAK,XH-DR-HM-355AAK,DR,Cabinet,HM,Bathroom Storage,false
B062P145504,XH-GH-HM-145504,GH,Chair,HM,Benches & Stools,false
B2726P408073,XH-GH-HM-408073,GH,Storage,HM,Wine Racks,false
B2761P499208,XH-GH-HM-499208,GH,Sofa,HM,Sectionals,false
B2761P499209,XH-GH-HM-499209,GH,Sofa,HM,Sectionals,false
B2761P499218,XH-GH-HM-499218,GH,Sofa,HM,Sectionals,false
SH000226AAD,XH-GH-HM-226AAD,GH,Table,HM,Dining and Kitchen Sets,false
T2574P516494,XH-GH-HM-516494,GH,Table,HM,Tables,false
T3971S00297,XH-GH-HM-S00297,GH,Table,HM,Kitchen Islands & Carts,false
W1163P315233,XH-GH-HM-315233,GH,Other,HM,Trampolines,false
W3867P479239,XH-GH-HM-479239,GH,Table,HM,Dining Tables,false
W3979P394149,XH-GH-HM-394149,GH,Table,HM,Outdoor Tables,false
WF286911AAW,XH-GH-HM-911AAW,GH,Other,HM,Kitchen Islands & Carts,false
B062P331054,XH-NS-BD-331054,NS,Nightstand,BD,Nightstands,false
B2761P502681,XH-SF-LR-502681,SF,Sofa,LR,Sofas,false
K1561S00002,XH-SF-LR-S00002,SF,Sofa,LR,Sofas,false
N763P326131F,XH-SF-LR-26131F,SF,Sofa,LR,Sofas,false
T6052P508881,XH-SF-LR-508881,SF,Sofa,LR,Sofas,false
W1117S00422,XH-SF-LR-S00422,SF,Sofa,LR,Sofas,false
W714P253468,XH-SF-LR-253468,SF,Sofa,LR,Sofas,false
W714S00622,XH-SF-LR-S00622,SF,Sofa,LR,Sofas,false
W714S01158,XH-SF-LR-S01158,SF,Sofa,LR,Sofas,false
W714S01159,XH-SF-LR-S01159,SF,Sofa,LR,Sofas,false
W714S01195,XH-SF-LR-S01195,SF,Sofa,LR,Sofas,false
W1321P311892,XH-TV-LR-311892,TV,TV Stand,LR,TV & Entertainment Furniture,false
